images,counts
image-2-000400.jpg,46
image-2-000187.jpg,19
image-1-000391.jpg,23
image-1-000118.jpg,43
image-2-000247.jpg,68
image-2-000200.jpg,46
image-1-000184.jpg,42
image-2-000320.jpg,62
image-2-000029.jpg,20
image-2-000109.jpg,32
image-2-000157.jpg,40
image-1-000371.jpg,43
image-1-000096.jpg,63
image-2-000191.jpg,15
image-1-000225.jpg,25
image-1-000252.jpg,23
image-1-000034.jpg,38
image-1-000174.jpg,28
image-1-000325.jpg,31
image-1-000380.jpg,21
image-1-000271.jpg,39
image-1-000330.jpg,47
image-2-000047.jpg,23
image-2-000379.jpg,43
image-1-000105.jpg,49
image-2-000108.jpg,19
image-2-000344.jpg,32
image-2-000162.jpg,42
image-2-000339.jpg,31
image-1-000048.jpg,16
image-2-000100.jpg,29
image-2-000373.jpg,45
image-2-000042.jpg,19
image-2-000368.jpg,37
image-1-000179.jpg,27
image-1-000250.jpg,24
image-1-000306.jpg,21
image-2-000185.jpg,23
image-1-000358.jpg,33
image-2-000383.jpg,45
image-2-000272.jpg,54
image-2-000004.jpg,55
image-1-000216.jpg,28
image-1-000138.jpg,44
image-2-000347.jpg,23
image-2-000007.jpg,75
image-2-000137.jpg,28
image-2-000281.jpg,19
image-2-000040.jpg,25
image-1-000177.jpg,33
image-2-000118.jpg,29
image-2-000261.jpg,50
image-2-000242.jpg,25
image-2-000150.jpg,34
image-1-000264.jpg,52
image-2-000305.jpg,28
image-1-000313.jpg,11
image-2-000134.jpg,38
image-1-000275.jpg,31
image-1-000392.jpg,16
image-2-000016.jpg,50
image-1-000281.jpg,40
image-2-000376.jpg,41
image-2-000257.jpg,36
image-2-000065.jpg,28
image-2-000388.jpg,43
image-2-000167.jpg,72
image-2-000348.jpg,22
image-1-000129.jpg,42
image-2-000235.jpg,35
image-2-000024.jpg,29
image-2-000410.jpg,35
image-2-000103.jpg,36
image-1-000175.jpg,35
image-1-000350.jpg,46
image-1-000349.jpg,48
image-1-000046.jpg,14
image-2-000194.jpg,20
image-2-000402.jpg,54
image-1-000132.jpg,35
image-1-000324.jpg,30
image-2-000284.jpg,15
image-2-000212.jpg,56
image-1-000108.jpg,54
image-2-000015.jpg,56
image-1-000041.jpg,19
image-1-000143.jpg,45
image-2-000334.jpg,40
image-1-000401.jpg,31
image-1-000277.jpg,37
image-2-000345.jpg,20
image-2-000253.jpg,51
image-1-000060.jpg,32
image-2-000181.jpg,15
image-1-000133.jpg,46
image-1-000227.jpg,15
image-2-000260.jpg,38
image-2-000077.jpg,46
image-2-000135.jpg,42
image-2-000023.jpg,23
image-1-000287.jpg,62
image-2-000230.jpg,40
image-2-000003.jpg,37
image-1-000148.jpg,25
image-2-000217.jpg,31
image-1-000178.jpg,29
image-2-000213.jpg,56
image-1-000366.jpg,57
image-2-000073.jpg,54
image-1-000262.jpg,38
image-1-000182.jpg,31
image-2-000292.jpg,16
image-2-000275.jpg,37
image-2-000297.jpg,16
image-2-000092.jpg,23
image-2-000391.jpg,37
image-1-000192.jpg,37
image-1-000104.jpg,32
image-2-000296.jpg,26
image-1-000305.jpg,18
image-2-000386.jpg,34
image-2-000022.jpg,31
image-2-000164.jpg,36
image-1-000011.jpg,29
image-2-000080.jpg,54
image-2-000017.jpg,39
image-2-000359.jpg,14
image-2-000327.jpg,56
image-1-000362.jpg,35
image-1-000016.jpg,31
image-1-000084.jpg,25
image-1-000211.jpg,32
image-2-000289.jpg,28
image-2-000008.jpg,71
image-1-000057.jpg,37
image-1-000245.jpg,23
image-2-000221.jpg,57
image-2-000060.jpg,21
image-2-000306.jpg,35
image-2-000367.jpg,34
image-2-000013.jpg,58
image-2-000061.jpg,29
image-1-000215.jpg,38
image-2-000395.jpg,27
image-2-000369.jpg,38
image-1-000368.jpg,45
image-2-000097.jpg,27
image-1-000042.jpg,30
image-1-000231.jpg,28
image-2-000249.jpg,47
image-1-000223.jpg,21
image-2-000226.jpg,91
image-1-000051.jpg,12
image-2-000311.jpg,36
image-2-000142.jpg,36
image-2-000323.jpg,60
image-1-000186.jpg,88
image-1-000249.jpg,27
image-2-000072.jpg,53
image-1-000130.jpg,38
image-2-000237.jpg,24
image-1-000083.jpg,39
image-2-000173.jpg,75
image-1-000110.jpg,76
image-2-000232.jpg,56
image-2-000161.jpg,32
image-2-000407.jpg,17
image-1-000241.jpg,24
image-2-000172.jpg,54
image-2-000318.jpg,55
image-1-000393.jpg,17
image-2-000312.jpg,37
image-2-000342.jpg,31
image-2-000174.jpg,44
image-1-000327.jpg,33
image-2-000163.jpg,23
image-1-000255.jpg,45
image-2-000155.jpg,38
image-1-000172.jpg,36
image-2-000298.jpg,19
image-1-000295.jpg,46
image-1-000079.jpg,17
image-1-000067.jpg,28
image-1-000054.jpg,16
image-2-000079.jpg,53
image-1-000160.jpg,31
image-1-000001.jpg,36
image-2-000154.jpg,50
image-1-000332.jpg,45
image-2-000251.jpg,55
image-2-000006.jpg,39
image-2-000085.jpg,76
image-1-000058.jpg,33
image-2-000357.jpg,25
image-1-000291.jpg,64
image-2-000392.jpg,33
image-1-000232.jpg,26
image-1-000195.jpg,24
image-1-000226.jpg,9
image-2-000276.jpg,35
image-2-000107.jpg,28
image-1-000197.jpg,21
image-1-000072.jpg,45
image-2-000350.jpg,23
image-2-000250.jpg,58
image-1-000323.jpg,31
image-1-000076.jpg,11
image-2-000014.jpg,59
image-2-000095.jpg,26
image-1-000220.jpg,36
image-1-000363.jpg,48
image-2-000043.jpg,24
image-2-000330.jpg,23
image-1-000180.jpg,25
image-1-000127.jpg,37
image-1-000106.jpg,62
image-2-000233.jpg,70
image-2-000027.jpg,25
image-1-000116.jpg,49
image-1-000238.jpg,18
image-1-000047.jpg,17
image-1-000397.jpg,14
image-2-000082.jpg,71
image-1-000337.jpg,35
image-2-000303.jpg,32
image-1-000335.jpg,25
image-2-000038.jpg,27
image-1-000205.jpg,32
image-1-000142.jpg,37
image-1-000128.jpg,47
image-1-000111.jpg,63
image-1-000308.jpg,14
image-2-000291.jpg,33
image-2-000089.jpg,58
image-1-000340.jpg,22
image-2-000067.jpg,17
image-2-000239.jpg,26
image-2-000140.jpg,27
image-1-000381.jpg,19
image-2-000245.jpg,38
image-1-000157.jpg,16
image-2-000228.jpg,63
image-2-000393.jpg,37
image-2-000205.jpg,45
image-1-000087.jpg,17
image-1-000063.jpg,34
image-1-000297.jpg,35
image-1-000073.jpg,30
image-2-000202.jpg,40
image-2-000337.jpg,41
image-2-000285.jpg,36
image-1-000061.jpg,22
image-2-000057.jpg,47
image-1-000336.jpg,26
image-1-000188.jpg,42
image-2-000083.jpg,74
image-2-000240.jpg,36
image-2-000262.jpg,60
image-1-000402.jpg,45
image-1-000170.jpg,40
image-2-000197.jpg,42
image-2-000147.jpg,47
image-1-000233.jpg,13
image-2-000411.jpg,40
image-1-000036.jpg,33
image-2-000404.jpg,54
image-1-000396.jpg,15
image-2-000005.jpg,50
image-2-000193.jpg,16
image-1-000367.jpg,28
image-1-000078.jpg,30
image-2-000389.jpg,39
image-1-000070.jpg,43
image-1-000028.jpg,35
image-1-000168.jpg,30
image-1-000214.jpg,39
image-2-000090.jpg,33
image-2-000263.jpg,53
image-2-000171.jpg,80
image-1-000373.jpg,26
image-2-000182.jpg,18
image-1-000144.jpg,47
image-2-000294.jpg,15
image-2-000074.jpg,77
image-2-000086.jpg,53
image-2-000048.jpg,48
image-2-000255.jpg,38
image-1-000088.jpg,79
image-1-000303.jpg,70
image-1-000388.jpg,26
image-1-000112.jpg,51
image-2-000302.jpg,20
image-2-000290.jpg,35
image-2-000045.jpg,27
image-2-000370.jpg,51
image-1-000020.jpg,14
image-1-000066.jpg,35
image-2-000241.jpg,33
image-2-000258.jpg,34
image-1-000385.jpg,26
image-1-000209.jpg,37
image-1-000115.jpg,59
image-1-000140.jpg,30
image-2-000204.jpg,59
image-1-000254.jpg,25
image-2-000341.jpg,25
image-1-000301.jpg,54
image-1-000015.jpg,39
image-1-000098.jpg,47
image-1-000035.jpg,30
image-1-000253.jpg,19
image-1-000365.jpg,42
image-1-000314.jpg,33
image-2-000139.jpg,42
image-2-000145.jpg,37
image-2-000301.jpg,39
image-1-000171.jpg,35
image-2-000333.jpg,34
image-1-000153.jpg,27
image-1-000240.jpg,28
image-1-000370.jpg,57
image-1-000114.jpg,60
image-1-000257.jpg,45
image-1-000242.jpg,35
image-1-000053.jpg,15
image-2-000414.jpg,33
image-2-000141.jpg,44
image-1-000022.jpg,17
image-1-000198.jpg,21
image-1-000173.jpg,36
image-2-000170.jpg,65
image-2-000208.jpg,56
image-1-000139.jpg,32
image-2-000229.jpg,47
image-2-000011.jpg,60
image-2-000058.jpg,53
image-1-000137.jpg,47
image-2-000131.jpg,29
image-1-000097.jpg,56
image-1-000260.jpg,29
image-1-000319.jpg,33
image-2-000227.jpg,58
image-1-000259.jpg,42
image-1-000169.jpg,35
image-2-000420.jpg,32
image-2-000124.jpg,30
image-1-000283.jpg,56
image-1-000201.jpg,19
image-2-000020.jpg,35
image-2-000223.jpg,57
image-2-000039.jpg,38
image-2-000340.jpg,40
image-1-000141.jpg,36
image-1-000189.jpg,36
image-1-000364.jpg,48
image-2-000351.jpg,26
image-1-000014.jpg,38
image-1-000278.jpg,32
image-1-000296.jpg,38
image-2-000319.jpg,55
image-1-000013.jpg,34
image-2-000381.jpg,42
image-2-000387.jpg,35
image-1-000343.jpg,13
image-2-000322.jpg,50
image-2-000406.jpg,17
image-2-000244.jpg,32
image-2-000125.jpg,37
image-2-000186.jpg,27
image-1-000010.jpg,25
image-2-000119.jpg,52
image-1-000236.jpg,22
image-1-000026.jpg,42
image-1-000377.jpg,22
image-1-000018.jpg,32
image-1-000374.jpg,28
image-2-000084.jpg,69
image-2-000366.jpg,40
image-2-000224.jpg,69
image-1-000038.jpg,50
image-2-000248.jpg,56
image-1-000270.jpg,41
image-2-000031.jpg,34
image-1-000213.jpg,33
image-2-000021.jpg,37
image-2-000063.jpg,27
image-2-000052.jpg,53
image-1-000263.jpg,25
image-2-000009.jpg,86
image-1-000202.jpg,11
image-1-000207.jpg,44
image-1-000085.jpg,21
image-2-000405.jpg,24
image-2-000267.jpg,58
image-1-000387.jpg,27
image-2-000355.jpg,40
image-1-000386.jpg,35
image-1-000100.jpg,40
image-2-000076.jpg,49
image-1-000025.jpg,24
image-2-000177.jpg,37
image-2-000209.jpg,48
image-1-000150.jpg,23
image-2-000215.jpg,40
image-1-000032.jpg,24
image-2-000295.jpg,30
image-1-000280.jpg,25
image-1-000029.jpg,26
image-1-000071.jpg,53
image-2-000365.jpg,17
image-1-000190.jpg,33
image-1-000276.jpg,42
image-2-000310.jpg,57
image-1-000003.jpg,26
image-1-000077.jpg,25
image-1-000040.jpg,15
image-1-000361.jpg,42
image-1-000002.jpg,32
image-1-000359.jpg,28
image-1-000094.jpg,49
image-2-000419.jpg,37
image-1-000311.jpg,14
image-2-000286.jpg,23
image-1-000338.jpg,28
image-2-000183.jpg,26
image-1-000017.jpg,46
image-2-000254.jpg,39
image-2-000218.jpg,61
image-2-000382.jpg,40
image-2-000148.jpg,63
image-1-000345.jpg,30
image-1-000121.jpg,42
image-2-000325.jpg,54
image-2-000246.jpg,52
image-2-000117.jpg,38
image-2-000266.jpg,62
image-1-000176.jpg,30
image-1-000329.jpg,48
image-1-000109.jpg,53
image-1-000328.jpg,36
image-1-000156.jpg,15
image-1-000251.jpg,11
image-1-000044.jpg,18
image-1-000151.jpg,26
image-2-000384.jpg,46
image-2-000222.jpg,51
image-2-000313.jpg,35
image-2-000159.jpg,43
image-1-000273.jpg,54
image-2-000418.jpg,42
image-2-000362.jpg,39
image-2-000099.jpg,31
image-2-000211.jpg,45
image-2-000326.jpg,46
image-1-000390.jpg,16
image-2-000307.jpg,32
image-2-000314.jpg,30
image-2-000403.jpg,48
image-2-000270.jpg,53
image-2-000035.jpg,22
image-2-000075.jpg,59
image-1-000383.jpg,24
image-1-000122.jpg,39
image-1-000356.jpg,29
image-1-000284.jpg,54
image-2-000071.jpg,71
image-1-000394.jpg,27
image-2-000198.jpg,40
image-2-000377.jpg,58
image-2-000269.jpg,51
image-2-000206.jpg,65
image-2-000033.jpg,23
image-2-000380.jpg,46
image-1-000217.jpg,25
image-2-000136.jpg,31
image-1-000282.jpg,44
image-1-000294.jpg,95
image-1-000354.jpg,30
image-2-000321.jpg,50
image-2-000390.jpg,35
image-1-000124.jpg,19
image-2-000132.jpg,55
image-2-000196.jpg,16
image-2-000278.jpg,35
image-2-000026.jpg,35
image-2-000114.jpg,23
image-1-000005.jpg,33
image-1-000309.jpg,17
image-2-000304.jpg,27
image-2-000356.jpg,37
image-1-000008.jpg,23
image-1-000357.jpg,34
image-1-000164.jpg,44
image-2-000127.jpg,43
image-2-000051.jpg,58
image-2-000188.jpg,21
image-2-000259.jpg,40
image-1-000159.jpg,16
image-2-000050.jpg,59
image-2-000064.jpg,30
image-1-000289.jpg,45
image-2-000277.jpg,36
image-2-000332.jpg,28
image-1-000222.jpg,29
image-1-000352.jpg,33
image-2-000231.jpg,42
image-2-000122.jpg,54
image-1-000347.jpg,17
image-2-000349.jpg,35
image-1-000101.jpg,34
image-2-000025.jpg,21
image-2-000091.jpg,25
image-1-000228.jpg,16
image-1-000103.jpg,36
image-2-000123.jpg,39
image-2-000279.jpg,48
image-1-000398.jpg,17
image-2-000111.jpg,31
image-2-000324.jpg,60
image-1-000348.jpg,38
image-1-000234.jpg,21
image-1-000039.jpg,45
image-1-000210.jpg,23
image-1-000064.jpg,23
image-2-000361.jpg,24
image-1-000158.jpg,21
image-2-000195.jpg,9
image-1-000019.jpg,11
image-1-000346.jpg,23
image-2-000271.jpg,58
image-1-000218.jpg,37
image-1-000090.jpg,30
image-1-000246.jpg,26
image-1-000334.jpg,36
image-1-000341.jpg,18
image-2-000378.jpg,45
image-1-000221.jpg,38
image-1-000006.jpg,25
image-2-000068.jpg,33
image-1-000102.jpg,29
image-1-000068.jpg,45
image-1-000316.jpg,35
image-1-000152.jpg,12
image-1-000382.jpg,31
image-2-000273.jpg,40
image-1-000333.jpg,17
image-2-000315.jpg,54
image-1-000082.jpg,36
image-2-000102.jpg,37
image-1-000147.jpg,29
image-1-000196.jpg,41
image-2-000101.jpg,37
image-1-000043.jpg,19
image-2-000199.jpg,65
image-1-000135.jpg,60
image-2-000055.jpg,44
image-1-000131.jpg,31
image-2-000184.jpg,14
image-2-000360.jpg,20
image-2-000413.jpg,40
image-1-000203.jpg,17
image-2-000098.jpg,11
image-2-000138.jpg,26
image-2-000398.jpg,59
image-2-000175.jpg,77
image-2-000274.jpg,29
image-2-000156.jpg,29
image-2-000049.jpg,65
image-2-000415.jpg,36
image-2-000352.jpg,32
image-2-000283.jpg,14
image-1-000050.jpg,15
image-1-000136.jpg,53
image-1-000320.jpg,35
image-2-000336.jpg,36
image-2-000088.jpg,53
image-1-000300.jpg,88
image-1-000009.jpg,24
image-2-000112.jpg,19
image-2-000120.jpg,58
image-1-000007.jpg,21
image-2-000030.jpg,24
image-1-000389.jpg,21
image-1-000292.jpg,59
image-1-000290.jpg,52
image-1-000268.jpg,39
image-1-000261.jpg,42
image-1-000258.jpg,36
image-2-000192.jpg,18
image-1-000351.jpg,51
image-1-000146.jpg,29
image-1-000199.jpg,16
image-2-000287.jpg,33
image-1-000024.jpg,23
image-2-000358.jpg,29
image-1-000266.jpg,51
image-1-000256.jpg,37
image-1-000399.jpg,18
image-1-000378.jpg,15
image-1-000331.jpg,37
image-2-000041.jpg,15
image-2-000036.jpg,22
image-2-000062.jpg,22
image-2-000385.jpg,42
image-2-000317.jpg,58
image-2-000104.jpg,21
image-2-000178.jpg,37
image-1-000092.jpg,62
image-1-000166.jpg,30
image-1-000027.jpg,35
image-2-000176.jpg,34
image-2-000153.jpg,24
image-1-000302.jpg,64
image-2-000238.jpg,36
image-1-000123.jpg,20
image-1-000021.jpg,32
image-1-000081.jpg,29
image-1-000045.jpg,16
image-2-000372.jpg,54
image-1-000089.jpg,26
image-2-000128.jpg,46
image-1-000376.jpg,24
image-1-000086.jpg,29
